23463467,fiction
23463467,young-adult
23463467,romance
23463467,fantasy
23463467,paranormal
64481,fiction
64481,history
64481,historical fiction
64481,biography
64481,young-adult
64481,mystery
64481,thriller
64481,crime
64481,romance
64481,children
8683812,fiction
8683812,history
8683812,historical fiction
8683812,biography
8683812,romance
8683812,non-fiction
25894108,fiction
25894108,history
25894108,historical fiction
25894108,biography
25894108,romance
25894108,non-fiction
9166116,mystery
9166116,thriller
9166116,crime
9166116,fantasy
9166116,paranormal
9166116,fiction
25814224,romance
25814224,young-adult
25814224,fiction
25814224,mystery
25814224,thriller
25814224,crime
6597344,history
6597344,historical fiction
6597344,biography
6597344,romance
6597344,fiction
71332,fiction
71332,young-adult
71332,non-fiction
71332,poetry
71332,history
71332,historical fiction
71332,biography
6068551,romance
6068551,fiction
6068551,fantasy
6068551,paranormal
6068551,young-adult
10534,non-fiction
10534,history
10534,historical fiction
10534,biography
10534,fiction
15751404,non-fiction
15751404,history
15751404,historical fiction
15751404,biography
15751404,fiction
14817,fiction
14817,fantasy
14817,paranormal
14817,mystery
14817,thriller
14817,crime
14817,comics
14817,graphic
25953172,fiction
8183325,fantasy
8183325,paranormal
8183325,children
8183325,fiction
8183325,young-adult
228665,fantasy
228665,paranormal
228665,fiction
228665,young-adult
29963413,comics
29963413,graphic
29963413,romance
18034501,fiction
18034501,history
18034501,historical fiction
18034501,biography
18034501,mystery
18034501,thriller
18034501,crime
18034501,romance
2927732,fiction
2927732,fantasy
2927732,paranormal
2927732,poetry
5171,fiction
5171,mystery
5171,thriller
5171,crime
5171,history
5171,historical fiction
5171,biography
5171,romance
13519397,young-adult
13519397,romance
13519397,fantasy
13519397,paranormal
13519397,mystery
13519397,thriller
13519397,crime
13519397,fiction
7861169,romance
7861169,fiction
15808862,romance
15808862,fiction
77203,fiction
77203,history
77203,historical fiction
77203,biography
77203,young-adult
77203,non-fiction
7858024,history
7858024,historical fiction
7858024,biography
34727930,comics
34727930,graphic
6339664,young-adult
6339664,fantasy
6339664,paranormal
6339664,romance
6339664,fiction
6339664,mystery
6339664,thriller
6339664,crime
24480,non-fiction
24480,history
24480,historical fiction
24480,biography
24480,comics
24480,graphic
13508421,young-adult
13508421,fantasy
13508421,paranormal
13508421,romance
13508421,fiction
12609433,non-fiction
13154150,comics
13154150,graphic
13154150,fantasy
13154150,paranormal
13154150,fiction
13154150,young-adult
13154150,mystery
13154150,thriller
13154150,crime
8621462,fantasy
8621462,paranormal
8621462,fiction
8621462,young-adult
8621462,children
8621462,comics
8621462,graphic
8621462,mystery
8621462,thriller
8621462,crime
15507958,romance
15507958,fiction
8172,comics
8172,graphic
8172,fiction
8172,fantasy
8172,paranormal
8172,young-adult
87745,fiction
87745,history
87745,historical fiction
87745,biography
87745,mystery
87745,thriller
87745,crime
87745,young-adult
2289516,mystery
2289516,thriller
2289516,crime
2289516,fiction
12917124,non-fiction
12917124,history
12917124,historical fiction
12917124,biography
17119852,young-adult
17119852,fiction
17119852,children
3482579,fiction
3482579,history
3482579,historical fiction
3482579,biography
3482579,mystery
3482579,thriller
3482579,crime
3240970,fiction
3240970,history
3240970,historical fiction
3240970,biography
3240970,romance
1630968,fiction
1630968,mystery
1630968,thriller
1630968,crime
9717,fiction
9717,romance
9717,history
9717,historical fiction
9717,biography
1756189,romance
1756189,mystery
1756189,thriller
1756189,crime
1756189,fiction
386990,non-fiction
386990,history
386990,historical fiction
386990,biography
386990,fiction
386990,mystery
386990,thriller
386990,crime
2927487,romance
2927487,fiction
2927487,young-adult
6690798,fiction
6690798,fantasy
6690798,paranormal
6690798,mystery
6690798,thriller
6690798,crime
13455782,young-adult
13455782,romance
13455782,fantasy
13455782,paranormal
13455782,fiction
10627948,mystery
10627948,thriller
10627948,crime
10627948,fiction
10627948,history
10627948,historical fiction
10627948,biography
17268452,fiction
7882231,mystery
7882231,thriller
7882231,crime
7882231,fiction
7882231,history
7882231,historical fiction
7882231,biography
18323154,fiction
18323154,mystery
18323154,thriller
18323154,crime
18323154,fantasy
18323154,paranormal
26802440,fiction
26802440,romance
26802440,mystery
26802440,thriller
26802440,crime
34201377,romance
34201377,young-adult
35215365,romance
35215365,fiction
27272506,fantasy
27272506,paranormal
27272506,young-adult
27272506,romance
27272506,fiction
27272506,history
27272506,historical fiction
27272506,biography
21807559,fiction
8667848,fantasy
8667848,paranormal
8667848,fiction
8667848,romance
8667848,history
8667848,historical fiction
8667848,biography
8667848,mystery
8667848,thriller
8667848,crime
8667848,young-adult
11968735,fiction
11968735,fantasy
11968735,paranormal
831914,non-fiction
831914,history
831914,historical fiction
831914,biography
831914,young-adult
1226,fantasy
1226,paranormal
1226,fiction
1226,young-adult
520232,mystery
520232,thriller
520232,crime
520232,fiction
520232,romance
12040447,fiction
12040447,fantasy
12040447,paranormal
12040447,young-adult
3077927,romance
3077927,fiction
25786965,comics
25786965,graphic
25786965,children
25786965,fantasy
25786965,paranormal
25786965,fiction
25786965,mystery
25786965,thriller
25786965,crime
25786965,young-adult
21532628,fiction
21532628,mystery
21532628,thriller
21532628,crime
21532628,non-fiction
522597,comics
522597,graphic
522597,fiction
522597,young-adult
522597,mystery
522597,thriller
522597,crime
522597,romance
522597,fantasy
522597,paranormal
2175,fiction
2175,romance
2175,history
2175,historical fiction
2175,biography
16322,mystery
16322,thriller
16322,crime
16322,fiction
16322,history
16322,historical fiction
16322,biography
16328,mystery
16328,thriller
16328,crime
16328,fiction
16328,history
16328,historical fiction
16328,biography
5356711,fiction
5356711,mystery
5356711,thriller
5356711,crime
5356711,romance
28194,young-adult
28194,fantasy
28194,paranormal
28194,fiction
28194,children
28194,mystery
28194,thriller
28194,crime
28194,romance
20483100,fantasy
20483100,paranormal
20483100,romance
20483100,fiction
20483100,young-adult
20483100,mystery
20483100,thriller
20483100,crime
6654313,fantasy
6654313,paranormal
6654313,romance
6654313,young-adult
6654313,fiction
6654313,mystery
6654313,thriller
6654313,crime
90413,fiction
90413,mystery
90413,thriller
90413,crime
90413,history
90413,historical fiction
90413,biography
90413,romance
90413,non-fiction
31574524,fantasy
31574524,paranormal
31574524,fiction
31574524,young-adult
31574524,children
31574524,mystery
31574524,thriller
31574524,crime
30118314,fiction
30118314,fantasy
30118314,paranormal
30118314,romance
30118314,mystery
30118314,thriller
30118314,crime
7933437,fiction
7933437,mystery
7933437,thriller
7933437,crime
2255114,fantasy
2255114,paranormal
2255114,romance
2255114,fiction
2255114,mystery
2255114,thriller
2255114,crime
24240499,non-fiction
13551635,mystery
13551635,thriller
13551635,crime
13551635,fiction
16133288,poetry
16133288,non-fiction
16133288,fiction
16133288,young-adult
16133288,history
16133288,historical fiction
16133288,biography
11139851,fiction
11139851,romance
25574538,non-fiction
12603835,poetry
12603835,fiction
9364369,fiction
2082136,non-fiction
2082136,history
2082136,historical fiction
2082136,biography
12743472,young-adult
12743472,fiction
12743472,romance
12743472,mystery
12743472,thriller
12743472,crime
12743472,fantasy
12743472,paranormal
14343964,non-fiction
24909346,young-adult
24909346,fiction
24909346,romance
24909346,fantasy
24909346,paranormal
24909346,mystery
24909346,thriller
24909346,crime
16134782,romance
16134782,fiction
6280118,fiction
6280118,romance
6280118,young-adult
969177,fiction
969177,romance
969177,young-adult
13507212,fiction
13507212,history
13507212,historical fiction
13507212,biography
13507212,mystery
13507212,thriller
13507212,crime
2749148,fiction
2749148,fantasy
2749148,paranormal
2749148,history
2749148,historical fiction
2749148,biography
5485,fiction
5485,fantasy
5485,paranormal
5485,young-adult
15918663,non-fiction
15918663,fiction
15918663,history
15918663,historical fiction
15918663,biography
4271,fiction
4271,young-adult
4271,romance
4271,children
514532,fiction
514532,mystery
514532,thriller
514532,crime
514532,romance
14010,fantasy
14010,paranormal
14010,fiction
14010,mystery
14010,thriller
14010,crime
14010,romance
14010,comics
14010,graphic
11561,fiction
11561,fantasy
11561,paranormal
11561,mystery
11561,thriller
11561,crime
11561,young-adult
11561,history
11561,historical fiction
11561,biography
11561,children
28916414,comics
28916414,graphic
28916414,romance
3657262,non-fiction
3657262,romance
3657262,poetry
3657262,history
3657262,historical fiction
3657262,biography
3657262,fiction
32713449,fantasy
32713449,paranormal
32713449,fiction
32713449,history
32713449,historical fiction
32713449,biography
27315073,poetry
22729370,romance
22729370,fiction
81582,poetry
81582,fiction
81582,non-fiction
2570856,fantasy
2570856,paranormal
2570856,fiction
2570856,mystery
2570856,thriller
2570856,crime
2570856,romance
137429,poetry
137429,non-fiction
33624672,comics
33624672,graphic
23341,non-fiction
23341,history
23341,historical fiction
23341,biography
23341,fiction
23341,comics
23341,graphic
23341,young-adult
8755785,fantasy
8755785,paranormal
8755785,young-adult
8755785,romance
8755785,fiction
28949218,fiction
28949218,history
28949218,historical fiction
28949218,biography
28949218,fantasy
28949218,paranormal
28264372,young-adult
28264372,romance
28264372,fantasy
28264372,paranormal
28264372,mystery
28264372,thriller
28264372,crime
15784159,comics
15784159,graphic
15784159,fiction
15784159,fantasy
15784159,paranormal
15784159,mystery
15784159,thriller
15784159,crime
17465453,fiction
17465453,history
17465453,historical fiction
17465453,biography
17465453,romance
3407877,fiction
3407877,history
3407877,historical fiction
3407877,biography
3407877,romance
3407877,fantasy
3407877,paranormal
3407877,mystery
3407877,thriller
3407877,crime
3407877,children
15760889,history
15760889,historical fiction
15760889,biography
34023590,poetry
34023590,young-adult
34023590,romance
34023590,fiction
34023590,non-fiction
34023590,mystery
34023590,thriller
34023590,crime
406186,fiction
406186,history
406186,historical fiction
406186,biography
406186,young-adult
406186,romance
406186,mystery
406186,thriller
406186,crime
406186,children
406186,fantasy
406186,paranormal
25577715,young-adult
25577715,romance
25577715,fantasy
25577715,paranormal
25577715,fiction
16139641,romance
16139641,fiction
18626414,young-adult
18626414,romance
18626414,fiction
18775169,fantasy
18775169,paranormal
18775169,fiction
18775169,mystery
18775169,thriller
18775169,crime
13565374,romance
13565374,fiction
41865,young-adult
41865,fantasy
41865,paranormal
41865,fiction
41865,romance
23716401,young-adult
23716401,romance
23716401,fiction
23716401,mystery
23716401,thriller
23716401,crime
23716401,fantasy
23716401,paranormal
5937285,fiction
5937285,fantasy
5937285,paranormal
5937285,children
5937285,young-adult
7234828,fantasy
7234828,paranormal
7234828,young-adult
7234828,romance
7234828,fiction
23664731,young-adult
23664731,romance
23664731,fiction
2865641,fiction
2865641,young-adult
2865641,children
2865641,romance
11543195,fantasy
11543195,paranormal
11543195,fiction
11543195,romance
18705209,fantasy
18705209,paranormal
18705209,young-adult
18705209,fiction
18705209,romance
18705209,children
32920226,fiction
32920226,history
32920226,historical fiction
32920226,biography
32920226,fantasy
32920226,paranormal
296558,non-fiction
296558,fantasy
296558,paranormal
296558,history
296558,historical fiction
296558,biography
6979827,fiction
6979827,history
6979827,historical fiction
6979827,biography
6979827,romance
35729,fantasy
35729,paranormal
35729,romance
35729,fiction
369708,non-fiction
369708,history
369708,historical fiction
369708,biography
2485785,fiction
2485785,mystery
2485785,thriller
2485785,crime
2485785,romance
22042197,history
22042197,historical fiction
22042197,biography
22042197,non-fiction
22074407,fiction
22074407,fantasy
22074407,paranormal
22074407,mystery
22074407,thriller
22074407,crime
22074407,young-adult
6479115,history
6479115,historical fiction
6479115,biography
6479115,non-fiction
25387395,young-adult
25387395,fantasy
25387395,paranormal
25387395,romance
25387395,fiction
12127810,fantasy
12127810,paranormal
12127810,young-adult
12127810,fiction
12127810,romance
12127810,children
188506,non-fiction
188506,children
128029,fiction
128029,history
128029,historical fiction
128029,biography
128029,romance
128029,non-fiction
128029,young-adult
379316,fiction
379316,mystery
379316,thriller
379316,crime
379316,fantasy
379316,paranormal
76171,fiction
76171,fantasy
76171,paranormal
13151283,romance
13151283,fiction
6149219,fantasy
6149219,paranormal
6149219,romance
6149219,fiction
17917014,romance
17917014,young-adult
17917014,fiction
18467802,fiction
18467802,history
18467802,historical fiction
18467802,biography
18467802,romance
11320,poetry
11320,fiction
11320,romance
11320,non-fiction
7913305,fiction
7913305,fantasy
7913305,paranormal
7913305,history
7913305,historical fiction
7913305,biography
7913305,romance
7913305,mystery
7913305,thriller
7913305,crime
24529123,young-adult
24529123,fiction
24529123,mystery
24529123,thriller
24529123,crime
24529123,romance
5107,fiction
5107,young-adult
5107,history
5107,historical fiction
5107,biography
7963208,fiction
7963208,history
7963208,historical fiction
7963208,biography
7963208,mystery
7963208,thriller
7963208,crime
544856,non-fiction
544856,history
544856,historical fiction
544856,biography
544856,fiction
18332098,romance
18332098,fiction
17307050,non-fiction
13118820,fantasy
13118820,paranormal
13118820,fiction
13118820,young-adult
13118820,mystery
13118820,thriller
13118820,crime
15770927,fiction
15770927,history
15770927,historical fiction
15770927,biography
15770927,mystery
15770927,thriller
15770927,crime
15770927,fantasy
15770927,paranormal
16136959,romance
16136959,fiction
49628,fiction
49628,history
49628,historical fiction
49628,biography
49628,fantasy
49628,paranormal
49628,mystery
49628,thriller
49628,crime
49628,romance
20443235,fantasy
20443235,paranormal
20443235,young-adult
20443235,romance
20443235,fiction
20443235,history
20443235,historical fiction
20443235,biography
345627,fantasy
345627,paranormal
345627,young-adult
345627,fiction
345627,romance
25159262,young-adult
25159262,romance
25159262,fiction
25159262,children
15722923,fiction
30281,fantasy
30281,paranormal
30281,romance
30281,fiction
30281,mystery
30281,thriller
30281,crime
31394385,fiction
31394385,history
31394385,historical fiction
31394385,biography
31394385,fantasy
31394385,paranormal
31394385,mystery
31394385,thriller
31394385,crime
2168855,history
2168855,historical fiction
2168855,biography
2168855,non-fiction
23200073,romance
23200073,young-adult
6900,non-fiction
6900,fiction
6900,history
6900,historical fiction
6900,biography
6900,young-adult
6900,comics
6900,graphic
16151958,fiction
16151958,history
16151958,historical fiction
16151958,biography
16151958,romance
16151958,mystery
16151958,thriller
16151958,crime
5899779,fantasy
5899779,paranormal
5899779,romance
5899779,fiction
5899779,history
5899779,historical fiction
5899779,biography
5899779,young-adult
5899779,mystery
5899779,thriller
5899779,crime
16104434,fiction
16104434,history
16104434,historical fiction
16104434,biography
16104434,romance
16104434,poetry
34803149,romance
34803149,fiction
1618,fiction
1618,young-adult
1618,mystery
1618,thriller
1618,crime
30183,young-adult
30183,fantasy
30183,paranormal
30183,romance
30183,fiction
30183,mystery
30183,thriller
30183,crime
886066,fiction
886066,fantasy
886066,paranormal
886066,mystery
886066,thriller
886066,crime
5907,young-adult
5907,fantasy
5907,paranormal
5907,children
5907,fiction
605977,history
605977,historical fiction
605977,biography
605977,non-fiction
21473443,fiction
96259,poetry
96259,romance
96259,fiction
96259,non-fiction
9269440,mystery
9269440,thriller
9269440,crime
9269440,fiction
23597053,mystery
23597053,thriller
23597053,crime
23597053,fiction
23597053,romance
23597053,young-adult
54836,non-fiction
54836,history
54836,historical fiction
54836,biography
54836,fiction
54836,young-adult
24875,young-adult
24875,fiction
24875,fantasy
24875,paranormal
24875,mystery
24875,thriller
24875,crime
24875,children
11205152,fiction
11205152,non-fiction
11205152,history
11205152,historical fiction
11205152,biography
11205152,poetry
7728889,young-adult
7728889,fantasy
7728889,paranormal
7728889,fiction
7728889,history
7728889,historical fiction
7728889,biography
7728889,mystery
7728889,thriller
7728889,crime
7728889,romance
25992862,romance
25992862,fiction
1,fantasy
1,paranormal
1,young-adult
1,fiction
1,children
1,mystery
1,thriller
1,crime
1,romance
2453403,fantasy
2453403,paranormal
2453403,comics
2453403,graphic
2453403,young-adult
2453403,fiction
26893819,fiction
26893819,history
26893819,historical fiction
26893819,biography
26893819,mystery
26893819,thriller
26893819,crime
26893819,young-adult
9418327,non-fiction
9418327,history
9418327,historical fiction
9418327,biography
9418327,comics
9418327,graphic
9418327,fiction
9067850,fantasy
9067850,paranormal
9067850,young-adult
9067850,fiction
9067850,children
9067850,romance
9067850,mystery
9067850,thriller
9067850,crime
192528,fiction
192528,mystery
192528,thriller
192528,crime
192528,fantasy
192528,paranormal
192528,young-adult
16160797,mystery
16160797,thriller
16160797,crime
16160797,fiction
11479285,romance
11479285,young-adult
11479285,fiction
18690639,fiction
18690639,fantasy
18690639,paranormal
343,fiction
343,history
343,historical fiction
343,biography
343,mystery
343,thriller
343,crime
343,fantasy
343,paranormal
483251,fiction
483251,romance
23159745,romance
23159745,fiction
23159745,young-adult
7937843,fiction
7937843,mystery
7937843,thriller
7937843,crime
7937843,young-adult
7406785,history
7406785,historical fiction
7406785,biography
7406785,non-fiction
16130307,fiction
16130307,romance
16130307,young-adult
18373,fiction
18373,young-adult
18373,fantasy
18373,paranormal
18373,romance
18373,children
17184,fiction
17184,fantasy
17184,paranormal
17184,mystery
17184,thriller
17184,crime
2767,history
2767,historical fiction
2767,biography
2767,non-fiction
13577648,poetry
6185010,fiction
13503109,fiction
13503109,romance
16158625,mystery
16158625,thriller
16158625,crime
16158625,fiction
31209936,fiction
31209936,fantasy
31209936,paranormal
31209936,mystery
31209936,thriller
31209936,crime
18166936,young-adult
18166936,fantasy
18166936,paranormal
18166936,fiction
18166936,romance
18166936,history
18166936,historical fiction
18166936,biography
18166936,mystery
18166936,thriller
18166936,crime
17788401,romance
17788401,fiction
17788401,young-adult
1217930,history
1217930,historical fiction
1217930,biography
1217930,non-fiction
8125982,fiction
8125982,history
8125982,historical fiction
8125982,biography
8125982,romance
6583427,young-adult
6583427,fantasy
6583427,paranormal
6583427,romance
6583427,fiction
6583427,mystery
6583427,thriller
6583427,crime
9061830,mystery
9061830,thriller
9061830,crime
9061830,fiction
22609598,romance
22609598,fiction
22609598,young-adult
1656001,fiction
1656001,fantasy
1656001,paranormal
1656001,romance
1656001,young-adult
1656001,mystery
1656001,thriller
1656001,crime
18114083,non-fiction
18114083,history
18114083,historical fiction
18114083,biography
18114083,comics
18114083,graphic
523679,romance
523679,non-fiction
9303616,non-fiction
9303616,fiction
23453112,non-fiction
23453112,romance
23453112,history
23453112,historical fiction
23453112,biography
23453112,fiction
5664977,history
5664977,historical fiction
5664977,biography
5664977,fiction
5664977,romance
1734639,non-fiction
1734639,children
1734639,fiction
16115612,fiction
16115612,history
16115612,historical fiction
16115612,biography
5,fiction
5,children
5,fantasy
5,paranormal
5,young-adult
5,mystery
5,thriller
5,crime
23160494,fiction
23160494,history
23160494,historical fiction
23160494,biography
21534256,non-fiction
21534256,history
21534256,historical fiction
21534256,biography
21534256,fiction
21534256,comics
21534256,graphic
7415560,fiction
375802,fiction
375802,young-adult
375802,fantasy
375802,paranormal
375802,children
128092,young-adult
128092,fiction
128092,children
25893705,young-adult
25893705,fiction
5942552,fiction
11743052,fantasy
11743052,paranormal
11743052,fiction
11743052,mystery
11743052,thriller
11743052,crime
5865515,poetry
5865515,romance
5865515,fiction
5865515,non-fiction
18806505,fiction
18806505,history
18806505,historical fiction
18806505,biography
18806505,mystery
18806505,thriller
18806505,crime
18806505,romance
450779,mystery
450779,thriller
450779,crime
450779,fiction
450779,fantasy
450779,paranormal
450779,romance
450779,history
450779,historical fiction
450779,biography
7956,fiction
7956,fantasy
7956,paranormal
7956,mystery
7956,thriller
7956,crime
7956,young-adult
903,fiction
903,young-adult
903,children
903,mystery
903,thriller
903,crime
903,fantasy
903,paranormal
903,history
903,historical fiction
903,biography
12074735,mystery
12074735,thriller
12074735,crime
12074735,fiction
12074735,fantasy
12074735,paranormal
12074735,young-adult
21415379,fiction
21415379,non-fiction
21415379,poetry
21415379,history
21415379,historical fiction
21415379,biography
16130324,fiction
16130324,history
16130324,historical fiction
16130324,biography
12287209,fiction
12287209,fantasy
12287209,paranormal
12287209,young-adult
12287209,mystery
12287209,thriller
12287209,crime
77566,fiction
77566,fantasy
77566,paranormal
18631103,romance
18631103,fiction
16076787,fiction
16076787,mystery
16076787,thriller
16076787,crime
3525776,fiction
3525776,romance
3525776,fantasy
3525776,paranormal
1902169,mystery
1902169,thriller
1902169,crime
1902169,fiction
1902169,romance
7572,fiction
7572,fantasy
7572,paranormal
7572,romance
16075811,non-fiction
17165724,poetry
10365,fiction
10365,young-adult
10365,children
10365,history
10365,historical fiction
10365,biography
25867393,fantasy
25867393,paranormal
25867393,young-adult
25867393,romance
25867393,fiction
31497887,non-fiction
31497887,history
31497887,historical fiction
31497887,biography
18372377,fiction
18372377,fantasy
18372377,paranormal
18372377,young-adult
29059,fiction
29059,mystery
29059,thriller
29059,crime
16031620,fiction
16031620,mystery
16031620,thriller
16031620,crime
16031620,fantasy
16031620,paranormal
29430742,non-fiction
29430742,history
29430742,historical fiction
29430742,biography
29430742,comics
29430742,graphic
13547273,non-fiction
13547273,history
13547273,historical fiction
13547273,biography
13547273,fantasy
13547273,paranormal
251969,romance
251969,history
251969,historical fiction
251969,biography
251969,fiction
692389,fiction
692389,fantasy
692389,paranormal
692389,mystery
692389,thriller
692389,crime
692389,history
692389,historical fiction
692389,biography
692389,romance
4628191,non-fiction
4628191,mystery
4628191,thriller
4628191,crime
4628191,fiction
8442457,mystery
8442457,thriller
8442457,crime
8442457,fiction
8442457,romance
16160052,romance
16160052,fiction
6678884,mystery
6678884,thriller
6678884,crime
6678884,fiction
3243517,history
3243517,historical fiction
3243517,biography
3243517,fiction
3243517,non-fiction
3243517,poetry
29254,non-fiction
29254,history
29254,historical fiction
29254,biography
29254,poetry
22748121,fiction
22748121,mystery
22748121,thriller
22748121,crime
22748121,fantasy
22748121,paranormal
22748121,romance
4670449,fiction
4670449,history
4670449,historical fiction
4670449,biography
4670449,young-adult
781110,fiction
781110,history
781110,historical fiction
781110,biography
781110,young-adult
781110,children
13596166,mystery
13596166,thriller
13596166,crime
13596166,fiction
13596166,fantasy
13596166,paranormal
13596166,history
13596166,historical fiction
13596166,biography
13596166,romance
13596166,young-adult
29069989,fantasy
29069989,paranormal
29069989,fiction
29069989,young-adult
29069989,children
29069989,mystery
29069989,thriller
29069989,crime
135018,non-fiction
25059972,fiction
25059972,history
25059972,historical fiction
25059972,biography
25059972,mystery
25059972,thriller
25059972,crime
25059972,non-fiction
106648,fiction
106648,mystery
106648,thriller
106648,crime
106648,romance
106648,young-adult
10842223,comics
10842223,graphic
10842223,fiction
10842223,fantasy
10842223,paranormal
10842223,mystery
10842223,thriller
10842223,crime
10842223,romance
11594337,fiction
11594337,children
11594337,young-adult
11594337,fantasy
11594337,paranormal
9717473,history
9717473,historical fiction
9717473,biography
9717473,fiction
13055592,fiction
13055592,fantasy
13055592,paranormal
13055592,mystery
13055592,thriller
13055592,crime
567717,romance
567717,fiction
567717,history
567717,historical fiction
567717,biography
6786043,poetry
17206477,fantasy
17206477,paranormal
17206477,fiction
17206477,young-adult
31663880,comics
31663880,graphic
31663880,fiction
31663880,history
31663880,historical fiction
31663880,biography
14836,fiction
14836,history
14836,historical fiction
14836,biography
14836,fantasy
14836,paranormal
11275,fiction
11275,fantasy
11275,paranormal
11275,mystery
11275,thriller
11275,crime
11275,history
11275,historical fiction
11275,biography
1748214,history
1748214,historical fiction
1748214,biography
1748214,non-fiction
1748214,fiction
1748214,romance
159760,non-fiction
159760,young-adult
7845977,fiction
7845977,history
7845977,historical fiction
7845977,biography
7845977,romance
7723542,fiction
7723542,fantasy
7723542,paranormal
7723542,non-fiction
7723542,young-adult
17524166,fiction
17524166,history
17524166,historical fiction
17524166,biography
8957644,fiction
17192182,romance
17192182,young-adult
17192182,fiction
51723,non-fiction
51723,children
51723,fiction
18337823,fantasy
18337823,paranormal
18337823,fiction
18337823,mystery
18337823,thriller
18337823,crime
13615,comics
13615,graphic
13615,fiction
13615,mystery
13615,thriller
13615,crime
13615,fantasy
13615,paranormal
13615,young-adult
15985348,fantasy
15985348,paranormal
15985348,fiction
15985348,romance
15985348,mystery
15985348,thriller
15985348,crime
15985348,young-adult
567677,fiction
567677,fantasy
567677,paranormal
18387597,fiction
18387597,mystery
18387597,thriller
18387597,crime
25688995,young-adult
25688995,fantasy
25688995,paranormal
25688995,romance
25688995,fiction
25688995,children
6313978,non-fiction
7090447,fantasy
7090447,paranormal
7090447,young-adult
7090447,fiction
7090447,children
7090447,mystery
7090447,thriller
7090447,crime
7090447,romance
7090447,history
7090447,historical fiction
7090447,biography
6855024,fiction
6855024,mystery
6855024,thriller
6855024,crime
6855024,fantasy
6855024,paranormal
22065067,fantasy
22065067,paranormal
22065067,young-adult
22065067,romance
22065067,fiction
1278752,fiction
1278752,history
1278752,historical fiction
1278752,biography
1278752,mystery
1278752,thriller
1278752,crime
1278752,romance
18043786,fiction
6539716,poetry
6539716,romance
6539716,fiction
6539716,non-fiction
28148933,romance
234225,fiction
234225,fantasy
234225,paranormal
558007,mystery
558007,thriller
558007,crime
558007,non-fiction
558007,history
558007,historical fiction
558007,biography
558007,comics
558007,graphic
558007,fiction
13010211,young-adult
13010211,fiction
13010211,romance
13010211,fantasy
13010211,paranormal
17670709,fantasy
17670709,paranormal
17670709,romance
17670709,young-adult
17670709,fiction
17670709,mystery
17670709,thriller
17670709,crime
22046172,fiction
22046172,fantasy
22046172,paranormal
22046172,comics
22046172,graphic
22046172,mystery
22046172,thriller
22046172,crime
2493,fiction
2493,fantasy
2493,paranormal
2493,history
2493,historical fiction
2493,biography
2493,young-adult
38447,fiction
38447,fantasy
38447,paranormal
38447,history
38447,historical fiction
38447,biography
3721001,fiction
18747011,comics
18747011,graphic
18747011,fiction
18747011,history
18747011,historical fiction
18747011,biography
18747011,children
12009,fiction
12009,fantasy
12009,paranormal
12009,comics
12009,graphic
26209456,fantasy
26209456,paranormal
26209456,young-adult
26209456,fiction
26209456,romance
28260587,fantasy
28260587,paranormal
28260587,young-adult
28260587,romance
28260587,fiction
28686840,young-adult
28686840,romance
28686840,fiction
28073923,comics
28073923,graphic
8131055,non-fiction
8131055,history
8131055,historical fiction
8131055,biography
8131055,mystery
8131055,thriller
8131055,crime
8131055,comics
8131055,graphic
9012,non-fiction
9012,fiction
9012,history
9012,historical fiction
9012,biography
8668800,fiction
8668800,history
8668800,historical fiction
8668800,biography
8668800,non-fiction
30267929,fiction
30267929,history
30267929,historical fiction
30267929,biography
30267929,non-fiction
1902167,mystery
1902167,thriller
1902167,crime
1902167,fiction
9777,fiction
9777,history
9777,historical fiction
9777,biography
9777,romance
17255435,fantasy
17255435,paranormal
17255435,young-adult
17255435,romance
17255435,fiction
906668,non-fiction
18335634,fantasy
18335634,paranormal
18335634,young-adult
18335634,romance
18335634,fiction
18335634,history
18335634,historical fiction
18335634,biography
18335634,mystery
18335634,thriller
18335634,crime
5557442,fiction
5557442,history
5557442,historical fiction
5557442,biography
18405,fiction
18405,history
18405,historical fiction
18405,biography
18405,romance
16248068,young-adult
16248068,romance
16248068,fantasy
16248068,paranormal
16248068,fiction
3392089,fiction
3392089,history
3392089,historical fiction
3392089,biography
3392089,romance
3392089,fantasy
3392089,paranormal
3392089,mystery
3392089,thriller
3392089,crime
331070,fiction
331070,mystery
331070,thriller
331070,crime
2267679,fiction
2267679,romance
2267679,young-adult
51964,fiction
51964,fantasy
51964,paranormal
22471294,romance
22471294,mystery
22471294,thriller
22471294,crime
22471294,fiction
9532,fiction
9532,young-adult
9532,fantasy
9532,paranormal
9532,children
871284,fiction
871284,history
871284,historical fiction
871284,biography
871284,mystery
871284,thriller
871284,crime
5868421,poetry
5868421,fiction
5868421,non-fiction
12832583,non-fiction
2209348,comics
2209348,graphic
2209348,fiction
2209348,history
2209348,historical fiction
2209348,biography
2209348,children
2209348,young-adult
2209348,fantasy
2209348,paranormal
2101880,non-fiction
2101880,history
2101880,historical fiction
2101880,biography
25111004,romance
25111004,young-adult
25111004,fiction
16100976,fantasy
16100976,paranormal
16100976,fiction
16100976,young-adult
16100976,children
16100976,mystery
16100976,thriller
16100976,crime
13591678,young-adult
13591678,fiction
13591678,history
13591678,historical fiction
13591678,biography
13591678,children
13591678,mystery
13591678,thriller
13591678,crime
8908,fantasy
8908,paranormal
8908,fiction
8908,history
8908,historical fiction
8908,biography
8908,mystery
8908,thriller
8908,crime
8908,young-adult
816801,non-fiction
816801,children
26135825,comics
26135825,graphic
26135825,non-fiction
26135825,history
26135825,historical fiction
26135825,biography
26135825,fiction
26135825,young-adult
22328546,fantasy
22328546,paranormal
22328546,young-adult
22328546,fiction
22328546,romance
6304039,fiction
6304039,romance
6304039,young-adult
16111735,young-adult
16111735,fiction
16111735,romance
16111735,mystery
16111735,thriller
16111735,crime
10872085,fiction
10872085,history
10872085,historical fiction
10872085,biography
10872085,mystery
10872085,thriller
10872085,crime
176881,fantasy
176881,paranormal
176881,romance
176881,fiction
176881,history
176881,historical fiction
176881,biography
176881,young-adult
176881,mystery
176881,thriller
176881,crime
6270179,non-fiction
6270179,fiction
42696,fiction
42696,history
42696,historical fiction
42696,biography
42696,mystery
42696,thriller
42696,crime
42696,romance
2612,non-fiction
2612,history
2612,historical fiction
2612,biography
2612,fiction
3109566,romance
3109566,fantasy
3109566,paranormal
3109566,mystery
3109566,thriller
3109566,crime
3109566,fiction
16304,mystery
16304,thriller
16304,crime
16304,fiction
16304,history
16304,historical fiction
16304,biography
16033659,romance
16033659,fiction
28671039,young-adult
28671039,romance
28671039,fiction
18710190,young-adult
18710190,fiction
18710190,fantasy
18710190,paranormal
18710190,romance
22596352,fiction
22596352,mystery
22596352,thriller
22596352,crime
22596352,fantasy
22596352,paranormal
22596352,romance
20980651,history
20980651,historical fiction
20980651,biography
20980651,non-fiction
13137,mystery
13137,thriller
13137,crime
13137,fiction
13137,romance
6381205,fantasy
6381205,paranormal
6381205,romance
6381205,fiction
6381205,history
6381205,historical fiction
6381205,biography
6381205,mystery
6381205,thriller
6381205,crime
6381205,young-adult
1975897,fiction
1975897,non-fiction
1975897,children
1975897,young-adult
3,fantasy
3,paranormal
3,young-adult
3,fiction
3,children
3,mystery
3,thriller
3,crime
3692091,fiction
3692091,non-fiction
304027,fantasy
304027,paranormal
304027,romance
304027,fiction
6676311,young-adult
6676311,fantasy
6676311,paranormal
6676311,romance
6676311,fiction
6676311,mystery
6676311,thriller
6676311,crime
42900,fantasy
42900,paranormal
42900,romance
42900,fiction
2255930,non-fiction
2255930,history
2255930,historical fiction
2255930,biography
23437156,fantasy
23437156,paranormal
23437156,young-adult
23437156,fiction
23437156,romance
23437156,mystery
23437156,thriller
23437156,crime
11417430,poetry
22025952,romance
3880585,non-fiction
3880585,fiction
3880585,history
3880585,historical fiction
3880585,biography
3880585,comics
3880585,graphic
136251,fantasy
136251,paranormal
136251,young-adult
136251,fiction
136251,children
136251,mystery
136251,thriller
136251,crime
136251,romance
5886881,mystery
5886881,thriller
5886881,crime
5886881,fiction
3109,non-fiction
3109,history
3109,historical fiction
3109,biography
3109,young-adult
12127750,fantasy
12127750,paranormal
12127750,young-adult
12127750,fiction
12127750,romance
12127750,children
11175115,fiction
13453029,fiction
13453029,fantasy
13453029,paranormal
13453029,mystery
13453029,thriller
13453029,crime
13453029,young-adult
140082,fantasy
140082,paranormal
140082,fiction
140082,romance
140082,mystery
140082,thriller
140082,crime
140082,young-adult
13584043,romance
13584043,mystery
13584043,thriller
13584043,crime
13584043,fiction
13584043,fantasy
13584043,paranormal
10211494,non-fiction
10211494,history
10211494,historical fiction
10211494,biography
10211494,comics
10211494,graphic
9460487,fantasy
9460487,paranormal
9460487,young-adult
9460487,fiction
9460487,mystery
9460487,thriller
9460487,crime
9460487,history
9460487,historical fiction
9460487,biography
9460487,romance
9460487,children
8796851,history
8796851,historical fiction
8796851,biography
8796851,non-fiction
7786087,fiction
25558608,fantasy
25558608,paranormal
25558608,young-adult
25558608,romance
25558608,fiction
23263053,non-fiction
23263053,history
23263053,historical fiction
23263053,biography
22465085,fiction
22465085,fantasy
22465085,paranormal
22465085,romance
22465085,mystery
22465085,thriller
22465085,crime
18136226,fiction
18136226,fantasy
18136226,paranormal
18136226,young-adult
18136226,history
18136226,historical fiction
18136226,biography
18194307,fiction
18194307,mystery
18194307,thriller
18194307,crime
18194307,fantasy
18194307,paranormal
10339170,non-fiction
13643016,non-fiction
7119000,fiction
7119000,history
7119000,historical fiction
7119000,biography
7119000,romance
7119000,poetry
6161887,non-fiction
7647285,poetry
7647285,fiction
7647285,romance
13496,fantasy
13496,paranormal
13496,history
13496,historical fiction
13496,biography
13496,romance
13496,fiction
13496,mystery
13496,thriller
13496,crime
18109771,fantasy
18109771,paranormal
18109771,young-adult
18109771,fiction
18109771,romance
18346345,romance
18346345,fiction
2956,fiction
2956,history
2956,historical fiction
2956,biography
2956,young-adult
2956,children
35354170,romance
19486412,mystery
19486412,thriller
19486412,crime
19486412,fiction
19486412,romance
9496620,non-fiction
6251543,non-fiction
6251543,mystery
6251543,thriller
6251543,crime
6251543,history
6251543,historical fiction
6251543,biography
6251543,fiction
94672,romance
94672,history
94672,historical fiction
94672,biography
94672,fiction
25817407,fantasy
25817407,paranormal
25817407,young-adult
25817407,romance
25817407,fiction
4135,non-fiction
4135,fiction
4135,history
4135,historical fiction
4135,biography
13562054,fiction
13562054,history
13562054,historical fiction
13562054,biography
22076,mystery
22076,thriller
22076,crime
22076,fiction
22076,fantasy
22076,paranormal
821002,non-fiction
821002,children
7869,fiction
7869,mystery
7869,thriller
7869,crime
1692427,fantasy
1692427,paranormal
1692427,fiction
39242,fiction
39242,history
39242,historical fiction
39242,biography
39242,fantasy
39242,paranormal
15881,fantasy
15881,paranormal
15881,young-adult
15881,fiction
15881,children
15881,mystery
15881,thriller
15881,crime
19288043,mystery
19288043,thriller
19288043,crime
19288043,fiction
19288043,romance
17934530,fiction
17934530,fantasy
17934530,paranormal
17934530,mystery
17934530,thriller
17934530,crime
1285704,fantasy
1285704,paranormal
1285704,romance
1285704,fiction
15726780,romance
15726780,fiction
15713049,fiction
15713049,romance
15713049,mystery
15713049,thriller
15713049,crime
11208,fiction
11208,history
11208,historical fiction
11208,biography
11208,young-adult
25735012,mystery
25735012,thriller
25735012,crime
25735012,fiction
42512,history
42512,historical fiction
42512,biography
42512,non-fiction
42512,fiction
6917863,fantasy
6917863,paranormal
6917863,romance
6917863,young-adult
6917863,fiction
6917863,mystery
6917863,thriller
6917863,crime
6917863,history
6917863,historical fiction
6917863,biography
19501,non-fiction
19501,fiction
19501,history
19501,historical fiction
19501,biography
19501,romance
23223155,non-fiction
23223155,history
23223155,historical fiction
23223155,biography
24724,fiction
24724,history
24724,historical fiction
24724,biography
12656935,mystery
12656935,thriller
12656935,crime
12656935,fiction
17402117,young-adult
17402117,romance
17402117,fantasy
17402117,paranormal
17402117,fiction
17402117,mystery
17402117,thriller
17402117,crime
31184606,mystery
31184606,thriller
31184606,crime
6215730,non-fiction
17470674,fiction
17470674,fantasy
17470674,paranormal
17470674,young-adult
7006426,fiction
7006426,young-adult
7006426,fantasy
7006426,paranormal
7006426,mystery
7006426,thriller
7006426,crime
7006426,history
7006426,historical fiction
7006426,biography
3444851,fiction
3444851,romance
5603148,fantasy
5603148,paranormal
5603148,romance
5603148,fiction
2981076,fiction
2981076,history
2981076,historical fiction
2981076,biography
10602898,fiction
10602898,mystery
10602898,thriller
10602898,crime
68642,non-fiction
68642,fiction
68642,history
68642,historical fiction
68642,biography
68642,mystery
68642,thriller
68642,crime
1904767,non-fiction
30326449,fantasy
30326449,paranormal
7574926,children
2364284,fiction
2364284,history
2364284,historical fiction
2364284,biography
28227762,fantasy
28227762,paranormal
28227762,young-adult
28227762,mystery
28227762,thriller
28227762,crime
28227762,fiction
256683,young-adult
256683,fantasy
256683,paranormal
256683,romance
256683,fiction
256683,mystery
256683,thriller
256683,crime
19668,fiction
19668,mystery
19668,thriller
19668,crime
19668,history
19668,historical fiction
19668,biography
11102299,comics
11102299,graphic
11102299,fiction
11102299,fantasy
11102299,paranormal
17927395,fantasy
17927395,paranormal
17927395,romance
17927395,young-adult
17927395,fiction
648194,romance
648194,fiction
648194,mystery
648194,thriller
648194,crime
42899,romance
42899,fantasy
42899,paranormal
42899,fiction
18615558,non-fiction
88071,fantasy
88071,paranormal
88071,fiction
6428089,non-fiction
6428089,history
6428089,historical fiction
6428089,biography
13637412,fiction
12959086,fantasy
12959086,paranormal
12959086,young-adult
12959086,fiction
12959086,children
12959086,romance
7091488,fantasy
7091488,paranormal
7091488,romance
7091488,fiction
7091488,mystery
7091488,thriller
7091488,crime
7091488,young-adult
13138635,young-adult
13138635,fiction
13138635,romance
13138635,fantasy
13138635,paranormal
13138635,mystery
13138635,thriller
13138635,crime
16085506,fiction
16085506,fantasy
16085506,paranormal
16085506,mystery
16085506,thriller
16085506,crime
16085506,young-adult
13603717,fiction
13603717,fantasy
13603717,paranormal
13603717,mystery
13603717,thriller
13603717,crime
8709528,young-adult
8709528,fantasy
8709528,paranormal
8709528,romance
8709528,fiction
8709528,mystery
8709528,thriller
8709528,crime
16066975,history
16066975,historical fiction
16066975,biography
16066975,non-fiction
13599111,fiction
13599111,history
13599111,historical fiction
13599111,biography
13599111,non-fiction
22557272,mystery
22557272,thriller
22557272,crime
22557272,fiction
9284655,fantasy
9284655,paranormal
9284655,young-adult
9284655,romance
9284655,fiction
9284655,mystery
9284655,thriller
9284655,crime
16299991,fantasy
16299991,paranormal
16299991,young-adult
16299991,fiction
16299991,romance
16299991,history
16299991,historical fiction
16299991,biography
13489517,non-fiction
13489517,comics
13489517,graphic
11995136,fiction
11995136,romance
18140842,young-adult
18140842,fiction
18140842,romance
18140842,fantasy
18140842,paranormal
227920,mystery
227920,thriller
227920,crime
227920,fiction
227920,romance
227920,fantasy
227920,paranormal
24612118,fiction
24612118,romance
40293,fiction
40293,history
40293,historical fiction
40293,biography
40293,fantasy
40293,paranormal
40293,young-adult
18032,fiction
18032,history
18032,historical fiction
18032,biography
18032,mystery
18032,thriller
18032,crime
6716048,non-fiction
6716048,history
6716048,historical fiction
6716048,biography
6899964,fiction
6899964,history
6899964,historical fiction
6899964,biography
6899964,romance
6899964,mystery
6899964,thriller
6899964,crime
37442,fantasy
37442,paranormal
37442,fiction
37442,young-adult
37442,romance
18335802,fiction
18335802,history
18335802,historical fiction
18335802,biography
18335802,fantasy
18335802,paranormal
13642874,fiction
13642874,fantasy
13642874,paranormal
13642874,mystery
13642874,thriller
13642874,crime
22918050,young-adult
22918050,romance
22918050,fantasy
22918050,paranormal
22918050,fiction
556602,fiction
556602,history
556602,historical fiction
556602,biography
556602,mystery
556602,thriller
556602,crime
556602,young-adult
1582996,fantasy
1582996,paranormal
1582996,young-adult
1582996,romance
1582996,fiction
3554772,fiction
3554772,history
3554772,historical fiction
3554772,biography
3554772,fantasy
3554772,paranormal
2,fantasy
2,paranormal
2,children
2,fiction
2,young-adult
2,mystery
2,thriller
2,crime
2,romance
3636,children
3636,fiction
3636,young-adult
3636,fantasy
3636,paranormal
6433752,fiction
6433752,history
6433752,historical fiction
6433752,biography
11734065,fiction
11734065,fantasy
11734065,paranormal
11734065,mystery
11734065,thriller
11734065,crime
140079,fantasy
140079,paranormal
140079,fiction
140079,romance
140079,mystery
140079,thriller
140079,crime
140079,young-adult
140075,fantasy
140075,paranormal
140075,fiction
140075,romance
140075,mystery
140075,thriller
140075,crime
140075,young-adult
140077,fantasy
140077,paranormal
140077,romance
140077,fiction
140077,mystery
140077,thriller
140077,crime
140077,young-adult
27276318,romance
27276318,fiction
27276318,young-adult
29056083,fantasy
29056083,paranormal
29056083,fiction
29056083,young-adult
29056083,children
29056083,mystery
29056083,thriller
29056083,crime
17707672,fantasy
17707672,paranormal
17707672,fiction
17707672,young-adult
17707672,romance
17707672,mystery
17707672,thriller
17707672,crime
17707672,history
17707672,historical fiction
17707672,biography
21159462,mystery
21159462,thriller
21159462,crime
21159462,fiction
21159462,fantasy
21159462,paranormal
10897866,fantasy
10897866,paranormal
10897866,young-adult
10897866,fiction
10897866,mystery
10897866,thriller
10897866,crime
10897866,romance
9969571,fiction
9969571,young-adult
9969571,fantasy
9969571,paranormal
9969571,mystery
9969571,thriller
9969571,crime
9969571,romance
8385751,fantasy
8385751,paranormal
8385751,fiction
8385751,history
8385751,historical fiction
8385751,biography
8385751,romance
8385751,young-adult
8385751,mystery
8385751,thriller
8385751,crime
25898435,young-adult
25898435,fiction
25898435,fantasy
25898435,paranormal
25898435,romance
12077553,fantasy
12077553,paranormal
12077553,romance
12077553,fiction
1592757,fiction
1592757,non-fiction
1592757,history
1592757,historical fiction
1592757,biography
23495112,fantasy
23495112,paranormal
23495112,young-adult
23495112,romance
23495112,fiction
1223509,non-fiction
31084629,mystery
31084629,thriller
31084629,crime
31084629,fiction
23447043,young-adult
23447043,history
23447043,historical fiction
23447043,biography
23447043,fiction
23298852,mystery
23298852,thriller
23298852,crime
23298852,fantasy
23298852,paranormal
23298852,fiction
5932912,non-fiction
18194333,mystery
18194333,thriller
18194333,crime
18194333,fiction
176522,fiction
176522,fantasy
176522,paranormal
176522,mystery
176522,thriller
176522,crime
7624272,fantasy
7624272,paranormal
7624272,young-adult
7624272,fiction
7624272,children
7624272,mystery
7624272,thriller
7624272,crime
7624272,romance
10331607,young-adult
10331607,fantasy
10331607,paranormal
10331607,romance
10331607,fiction
10331607,mystery
10331607,thriller
10331607,crime
14866,fiction
14866,young-adult
14866,mystery
14866,thriller
14866,crime
14866,romance
18692431,young-adult
18692431,romance
18692431,fiction
28365348,fiction
28365348,history
28365348,historical fiction
28365348,biography
28365348,young-adult
28365348,mystery
28365348,thriller
28365348,crime
22025968,romance
15791488,young-adult
15791488,fiction
15791488,romance
15791488,fantasy
15791488,paranormal
6003976,non-fiction
751231,non-fiction
7557282,fiction
7557282,history
7557282,historical fiction
7557282,biography
7557282,romance
24016123,fiction
24016123,romance
24016123,fantasy
24016123,paranormal
16128095,poetry
16128095,fiction
13259251,history
13259251,historical fiction
13259251,biography
13259251,non-fiction
11735983,young-adult
11735983,fiction
11735983,fantasy
11735983,paranormal
11735983,romance
5572005,romance
5572005,fiction
17881701,fiction
17881701,history
17881701,historical fiction
17881701,biography
17881701,romance
17881701,mystery
17881701,thriller
17881701,crime
23573625,history
23573625,historical fiction
23573625,biography
13562534,fantasy
13562534,paranormal
13562534,fiction
13562534,romance
179780,fiction
179780,fantasy
179780,paranormal
179780,mystery
179780,thriller
179780,crime
474038,non-fiction
474038,history
474038,historical fiction
474038,biography
474038,children
474038,fiction
474038,young-adult
474038,comics
474038,graphic
474038,fantasy
474038,paranormal
15778420,romance
15778420,fiction
12497765,young-adult
12497765,children
6783580,non-fiction
6783580,history
6783580,historical fiction
6783580,biography
6783580,mystery
6783580,thriller
6783580,crime
6783580,fiction
6,fantasy
6,paranormal
6,children
6,young-adult
6,fiction
6,romance
23197010,young-adult
23197010,romance
23197010,fantasy
23197010,paranormal
23197010,fiction
23197010,children
32940567,romance
48855,non-fiction
48855,history
48855,historical fiction
48855,biography
48855,young-adult
48855,fiction
48855,comics
48855,graphic
48855,children
3478,romance
3478,fiction
3478,young-adult
1382575,history
1382575,historical fiction
1382575,biography
1382575,non-fiction
3876,fiction
3876,history
3876,historical fiction
3876,biography
3876,romance
13335037,young-adult
13335037,fiction
13335037,fantasy
13335037,paranormal
13335037,romance
13335037,mystery
13335037,thriller
13335037,crime
30363320,young-adult
30363320,romance
30363320,fiction
7664041,fantasy
7664041,paranormal
7664041,young-adult
7664041,fiction
7664041,romance
7664041,children
26503,non-fiction
26503,history
26503,historical fiction
26503,biography
9667032,fiction
7085035,history
7085035,historical fiction
7085035,biography
7085035,non-fiction
4990688,history
4990688,historical fiction
4990688,biography
4990688,non-fiction
18601484,poetry
18775336,fiction
18775336,mystery
18775336,thriller
18775336,crime
2498952,fiction
2498952,fantasy
2498952,paranormal
13386181,young-adult
13386181,mystery
13386181,thriller
13386181,crime
13386181,fiction
13386181,romance
16046401,non-fiction
16046401,comics
16046401,graphic
1456628,fiction
1456628,romance
1456628,young-adult
363851,fiction
363851,young-adult
363851,mystery
363851,thriller
363851,crime
363851,children
363851,fantasy
363851,paranormal
